title,time,content,reference,Tag
歐巴馬罵川普是笨蛋,2018-04-17,「川普總統完全是個白痴。」美國前總統歐巴馬的語出驚人吸引了百萬人觀看，但這個影片是美國媒體《Buzzfeed》和知名影星皮爾（Jordan Peele）製作的，目的是以這樣逼真的影片提醒大眾 Deepfake 影片的危害。點擊查看相關報導。,https://www.buzzfeed.com/craigsilverman/obama-jordan-peele-deepfake-video-debunk-buzzfeed?utm_term=.ibAPGN58x#.nlMoWqyPR,"帶有宣傳性質, 作者有聲明是假的"
川普呼籲各國退出巴黎氣候協議,2018-05-21,美國總統川普（Donald Trump）在影片中說呼籲各國領袖「都應該向我一樣退出巴黎氣候協定」，但這是一個 Deepfake 影片，因為如果你有看到最後的話，會聽見影片中的川普說：「我們都知道變遷是假的，就像這個影片一樣」。這是由比利時社會民主黨製作的 Deepfake 影片，目的是呼籲人們重視這個議題。但影片發布後，有些該黨的支持者以為影片是真的。點擊查看相關事實查核報告。,https://www.politico.eu/article/spa-donald-trump-belgium-paris-climate-agreement-belgian-socialist-party-circulates-deep-fake-trump-video/,"帶有宣傳性質, 作者有聲明是假的"
川普在演講的時候做鬼臉是 Deepfake 影片嗎？,2019-03-06,有網友向法國的事實查核組織 Liberation 提問，附上一段美國前總統川普（Donald Trump）在演講時做鬼臉的影片，詢問是否為 Deepfake。但經過查核，川普的確在演講時做了鬼臉，它是真實的影片。點選此處看相關事實查核報告。,https://www.liberation.fr/checknews/2019/03/06/cette-video-de-trump-grimacant-est-elle-un-deepfake_1713354/,特殊案例
加彭總統的道賀影片被質疑是 Deepfake,2019-03-15,加彭總統阿里邦戈（Ali Bongo）在社群網路上發佈了祝賀新年的影片，卻被質疑是 Deepfake。根據 AI 公司 Deeptrace 製作的 Deepfake 調查報告，由於阿里邦戈因病久未在公開場合露面，政府才發表了他親自錄製的影片，但不自然的內容並未消除民眾的擔憂。影片發佈一週後，軍方發動政變，影片成為軍方拿來指控政府已喪失執政能力的證據。政變最後沒有成功，專家也驗證影片沒有造假的痕跡（政府宣稱總統曾嚴重中風才導致不自然）。點擊查看相關事實查核報告。,https://www.motherjones.com/politics/2019/03/deepfake-gabon-ali-bongo/,特殊案例
假帳號利用 AI 生成個人照片來詐騙,2019-03-27,金思莉（Maisy Kinley）於 2019 年在 Linkedln 和 Twiiter 上冒充商業媒體彭博的資深記者，與 Tesla 的股票買家聯繫，直到有人因為金思莉與他索取個資而起疑，才被發現她的照片是 AI 生成的。點擊查看相關報導。,https://www.fastcompany.com/90332538/how-to-spot-the-creepy-fake-faces-who-may-be-lurking-in-your-timelines-deepfaces,向相關人士求證
馬來西亞政治人物的性影片外流,2019-06-01,2019 年 6 月，一段男同志的性愛錄像曝光，主角是馬來西亞的經濟部長阿茲敏阿里（Azmin Ali）。同性性行為在馬來西亞是非法的，阿茲敏表示這是為了破壞他的政治生涯而製作的 Deepfake 影片。但根據Deeptrace 製作的 Deepfake 調查報告提到，國際專家並沒有發現影片有任何被篡改的痕跡。而根據馬來西亞的媒體報導，送去美國的檢驗也無法鑑定出主角的身份，阿茲敏最後並沒有入獄。點擊查看相關事實查核報告。,https://www.sbs.com.au/news/article/a-gay-sex-tape-is-threatening-to-end-the-political-careers-of-two-men-in-malaysia/ilgqdaqo5,特殊案例
祖克柏的邪惡演講,2019-06-11,「想像一下，一個人可以完全控制數十億人的資料、他們的秘密、他們的生活、他們的未來。」一群藝術家於 2019 年讓 Meta 創始人祖克柏（Mark Zuckerberg）在影片中這樣說。藝術家們的目的是要控訴 Facebook 不願下架被刻意操弄的影片——美國眾議院議員裴洛西（Nancy Pelosi）速度被刻意放慢的演說，來暗示裴洛西精神狀態不佳，說話含糊不清（但此影片只是調整速度，並非 Deepfake）。藝術家以逼真的 Deepfake 影片回擊，示範造假影片攻擊是多麽容易的事情。點擊查看相關事實查核報告。,https://www.vice.com/en/article/ywyxex/deepfake-of-mark-zuckerberg-facebook-fake-video-policy,"帶有宣傳性質, 作者有聲明是假的"
AI 照片被用於間諜活動的假帳號,2019-06-23,間諜行動也開始使用 AI 假照片。瓊斯（Katie Jones）在 Linkedln 嘗試與美國政治圈的人建立聯繫，儘管她的帳號被刪除時只有 52 個聯絡人，但其中包括多名政府官員。美聯社透過專家證實她的照片是 AI 生成。,https://apnews.com/article/ap-top-news-artificial-intelligence-social-platforms-think-tanks-politics-bc2f19097a4c4fffaa00de6770b8a60d,向相關人士求證
好萊塢明星金凱瑞出演了他沒演過的電影,2019-07-07,一段金凱瑞（Jim Carrey）模仿傑克尼克遜（Jack Nicholson）在電影《鬼店》中的片段在 Twitter 上大量傳播。但從影片中的浮水印「Ctrl Shift Face」就可以找到原始的 Youtube 頻道：該頻道主要的影片都是「換臉電影」，將著名電影的演員換成其他名人。點選此處查看事實查核報告。,https://teyit.org/analiz/goruntulerde-jim-carrey-gercekten-jack-nicholsoni-taklit-mi-ediyor,作者有聲明是假的
好萊塢明星基努李維英勇制服了商店的搶匪,2019-07-15,影片中，一間商店的店員很興奮地發現明星基努李維（Keanu Reeves）的造訪，但隨後他們遇上了搶劫。而基努李維英勇制服了搶匪。這段以手機拍攝的影片其實是 Deepfake，原團隊在發布時就已經聲明。作者還提到，基努李維的長髮讓 Deepfake 製作變得更難。點擊查看相關事實查核報告。,https://factcheck.kz/media-me/rolik-s-kianu-rivzom-pokazal-novyj-uroven-deepfake/,作者有聲明是假的
一位以模仿聞名的演員連「臉」都能模仿？,2019-08-13,社群網站上流傳著一段影片：一位以模仿聞名的演員上訪談節目，展現他模仿其他演員的表演，但在模仿的過程中，他的臉變得跟他模仿的對象幾乎一樣。但從影片中的浮水印「Ctrl Shift Face」就可以找到原始的 Youtube 頻道：該頻道主要的影片都是「換臉電影」，將著名電影的演員換成其他名人。因此，訪談影片是真的，只是「Ctrl Shift Face」頻道將他的表演片段換成模仿對象的臉。點選此處查看事實查核報告。,https://fatabyyano.net/%D8%AA%D9%82%D9%84%D9%8A%D8%AF-%D9%88%D8%AC%D9%88%D9%87-%D8%A7%D9%84%D9%85%D8%B4%D8%A7%D9%87%D9%8A%D8%B1-%D8%A8%D8%A7%D8%B3%D8%AA%D8%AE%D8%AF%D8%A7%D9%85-%D8%AA%D9%82/,作者有聲明是假的
義大利前總理大肆批評其他政治人物,2019-09-23,義大利的新聞諷刺節目製作了一些 Deepfake 影片來製造節目效果。主角是義大利前總理馬泰奧倫齊（Matteo Renzi），他在影片中大肆批評其他政治人物。但該節目將片段剪輯放上 Twitter 宣傳時，卻讓一些人誤以為真，批評倫齊的行為很不當。點擊查看相關報導。,https://observers.france24.com/en/20191008-deepfake-video-former-italian-pm-matteo-renzi-sparks-debate-italy,"帶有宣傳性質, 作者有聲明是假的"
川普宣布「我們已經消滅了愛滋病」,2019-10-07,一則 48 小時被瀏覽了 300 萬次的影片中，美國前總統川普（Donald Trump）宣布愛滋病已經被消滅。這是一個 Deepfake 影片，由愛滋病團結協會製作，他們說「這是假新聞，但如果各國元首承諾每個人都能獲得治療，那這將成為一則真的新聞」。點選此處查看事實查核報告。,https://www.tf1info.fr/sante/lutte-contre-le-sida-le-deepfake-de-donald-trump-deja-vu-3-millions-de-fois-2134311.html,"帶有宣傳性質, 作者有聲明是假的"
阿根廷事實查核組織自製 Deepfake 影片,2019-10-08,2019 年阿根廷的總統大選前夕，阿根廷的事實查核組織與廣告商、電視台合作，製作了一則各個候選人在踢足球、彈吉他、雜耍的 Deepfake 影片，影片中有明顯的雜訊和「換臉」的特徵。這則影片的目的是為了提醒人們選舉時會面臨嚴峻的假訊息挑戰，「我們每個人都可以協助阻止假訊息，或加劇問題的嚴重性」，事實查核組織 Chequeado 主任佐默（Laura Zommer）表示。佐默也提到，選擇使用這個方式是因為在阿根廷Deepfake 假訊息並不常見，粗製濫造的Cheapfake 更加普遍。點擊此處觀看相關報導。,https://www.poynter.org/fact-checking/2019/in-argentina-fact-checkers-supported-a-deepfake/,"帶有宣傳性質, 作者有聲明是假的"
玻利維亞的記者會影片被操弄,2020-01-21,玻利維亞政府舉辦一場記者會，說明之前發生的衝突。而事後這場記者會的影片被剪輯，還被加入了新的元素，暗示這場衝突的主使者是反對派的領導人。點擊此處看事實查核報告。,https://boliviaverifica.bo/editan-una-conferencia-del-ministro-de-gobierno-para-acusar-a-camacho-de-encender-la-chiquitania/,找出原始的影像
印度候選人用 Deepfake 製作多語影片跟選民溝通,2020-02-18,印度人民黨主席蒂瓦里（Manoj Tiwari）於立法院選舉的前一天，在影片中批評印度現任的政府。除了英文版本以外，影片裡的蒂瓦里還說著他不會說的印地語。這些都是利用 Deepfake 製作的影片，人民黨在接受 VICE 採訪時，說這樣的影片讓他們能更接近受眾，即使候選人不會說選民的語言。點擊查看相關事實查核報告。,https://www.vice.com/en/article/jgedjb/the-first-use-of-deepfakes-in-indian-election-by-bjp,"帶有宣傳性質, 作者有聲明是假的"
美國總統拜登在訪問影片中伸出舌頭,2020-04-28,一則影片顯示美國總統拜登（Joe Biden）與他的妻子共同接受採訪，而他在妻子說話的時候不但伸出舌頭、舌頭還在旋轉——這很明顯是一個惡搞的影片。事實查核組織很快地發現這是透過應用程式 MugLife 創建的，就像熱門的社交軟體 instagram、Tiktok 的影片濾鏡，能在影片上加上各種效果。這則影片最大的影響是因為前總統川普（Dolnald Trump）轉發，根據《深度造假》一書作者的統計，那則推文獲得了將近 1 萬 7 千次轉推、4 萬個讚，觸及了數以萬計的用戶。點選此處看相關事實查核報告。,https://www.politifact.com/factchecks/2020/apr/30/facebook-posts/how-parody-gif-biden-lolling-his-tongue-became-man/,"找出原始的影像, 用套件產生"
盧安達國防軍將對剛果發動軍事行動,2020-05-23,盧安達國防軍（RDF）的將軍宣稱將對鄰近國家剛果發動軍事行動——但實為斷章取義的 Deepfake 影片。點選此處看相關事實查核報告。,https://congocheck.net/decryptage-un-officier-rwandais-a-t-il-annonce-des-operations-militaires-en-rdc/,找出原始的影像
法國駐喀麥隆大使說了奇怪的話,2020-06-29,法國駐喀麥隆大使吉爾豪（Christophe Guilhou）出現在 Facebook 上的影片，說「我的祖先以武力、狡猾和國際法征服了這片領土」，但這是一個 Deepfake 影片，吉爾豪說話的方式在影片中顯得非常不自然。點擊查看相關事實查核報告。,https://observers.france24.com/fr/20200629-attention-video-ambassadeur-francais-cameroun-guilhou-biya-deepfake,內容明顯錯誤
美國太空月球任務失敗,2020-07-22,時任美國總統尼克森在影片中宣布月球探索任務——阿波羅 11 號的太空探險隊死亡，任務失敗，但事實上是 Deepfake 影片。阿波羅 11 號任務是著名的成功任務，讓人類史上第一次登上月球。這則影片由麻省理工學院的科學家製作，為了提醒人們 Deepfake 影片的危險。點擊此處看相關事實查核報告。,https://factcheck.kz/media-me/prezident-nikson-obyavil-o-gibeli-missii-apollon-11-opublikovano-dipfejk-video/,"帶有宣傳性質, 作者有聲明是假的"
普丁和金正恩呼籲美國人應該要去投票,2020-10-02,美國大選前夕，社群媒體上出現了兩位獨裁者的影片：俄羅斯總統普丁、北韓領導人金正恩，說他們不用做什麼就能夠干預美國的民主，「你們自己就能做到」——這些是 Deepfake 影片。這些影片來自無黨派反腐敗組織 RepresentUs，希望呼籲美國人民主有多脆弱，去投票是最重要的是。影片的最後出現「影片不是真實的，但威脅是真實的」的相關字幕。值得注意的是，普丁的影片於 2023 年重新在社群平台上傳播，最後的免責聲明被剪掉了。點擊查看相關事實查核報告。,https://www.rappler.com/technology/deepfake-videos-vladimir-putin-kim-jong-un-warn-america-failing-democracy/,"帶有宣傳性質, 作者有聲明是假的"
川普承認自己敗選是 Deepfake 影片？,2021-01-07,網友指出美國總統川普（Dolnald Trump）承認敗選的影片是 Deepfake 製作的，表示川普從來沒有承認敗選。但從美國白宮發出的原始影片對照、及 Deepfake 技術偵測證明，此影片應為真實的。點擊查看相關事實查核報告。,https://tfc-taiwan.org.tw/articles/4912,特殊案例
湯姆克魯斯在打高爾夫球,2021-03-04,"好萊塢巨星湯姆克魯斯（Tom Cruise）打高爾夫球的影片在社群平台上出現，並帶著 Tiktok 的浮水印，逼真的內容讓很多人想知道湯姆克魯斯是不是真的加入了 Tiktok。
事實上，如果你仔細看 Tiktok 浮水印下方的小字——那代表影片的原作者——顯露了一些端倪：@deeptomcruise。帳號的簡介連結到一家 AI 影像公司，因此帳號裡的「deep」代表的即是 Deepfake。點擊查看相關事實查核報告。",https://www.ndtv.com/offbeat/no-thats-not-tom-cruise-playing-golf-deepfake-videos-of-actor-go-viral-2383560,作者有聲明是假的
俄羅斯反對派人士接觸波羅的海國會議員,2021-04-23,立陶宛外交部在 4 月時發出聲明，表示過去幾週內，發生針對立陶宛、愛沙尼亞、拉脫維亞政治人物的假訊息攻擊。立陶宛議會外交委員會主席帕維利斯（Žygimantas Pavilionis）提到，有人用 Deepfake 影像假裝俄羅斯反對派人士沃爾科夫（Leonid Volkov）跟他通話，希望聯繫其他國家的政治人物和國際組織。帕維利斯後來聽聞其他兩國也有類似的狀況。點擊查看相關事實查核報告。,https://www.lrt.lt/en/news-in-english/19/1393935/imposter-used-deepfake-to-dupe-baltic-mps-impersonate-navalny-associate,向相關人士求證
出席公開活動的拜登是假的,2021-05-26,社群媒體上傳播著一則質疑美國總統拜登（Joe Biden）以 Deepfake 形象存活的影片，它以拜登接受媒體採訪的片段，指出拜登脖子上的膚色跟其他地方不匹配，「這清楚揭穿拜登是個徹頭徹尾的騙子」。但路透社事實查核發現，膚色不匹配是由燈光造成的，並不是 Deepfake。點擊查看相關事實查核報告。,https://www.reuters.com/article/factcheck-biden-notdeepfake-idUSL2N2NC1U8,特殊案例
假帳號運用 AI 照片在網路上筆戰,2021-07-01,事實查核組織 Maldita.es 長期追蹤社群上有類似操作手法的假帳號，再次發現一個冒充女權主義者的假帳號，用了 AI 生成的照片當作個人檔案的圖片。Maldita.es 發現，這些帳號會說自己是女權主義者、社會主義者、左派等，卻發佈奇怪的訊息。點擊觀看相關事實查核報告。,https://maldita.es/feminismo/20210701/cuenta-twitter-corbacho-concha-perfil-trol-feminista/,內容明顯錯誤
印度的政治人物流出性愛影片,2021-09-23,一支社交平台上瘋傳的性愛影片被認為是印度人民黨高達（DV Sadanand Gowda），高達立刻提出告訴，並說這是由他的對手製作的 Deepfake 影片，目的是為了誹謗他無可挑剔的形象。點擊查看相關事實查核報告。,https://www.opindia.com/2021/09/bjp-sadanand-gowda-files-complaint-against-lewd-video-deep-fake-tarnish-image/,特殊案例
紐西蘭總理在吸食毒品,2021-10-07,時任紐西蘭總理阿爾登（Jacinda Ardern）在被偽造的影片中吸毒，但事實上它是一個「換臉」的 Deepfake 影片。原影片的女子長得跟她很像。點擊查看相關事實查核報告。,https://factcheck.afp.com/http%253A%252F%252Fdoc.afp.com%252F9P97TM-1,找出原始的影像
美國眾議員說同性戀是錯誤,2021-11-04,Tiktok 用戶上傳了一段影片，美國眾議員葛林（Marjorie Taylor Greene）指出同性戀是錯的，這個影片被觀看將近 20 萬次、並獲得超過 1500 次的分享。事實上它是一個 Deepfake 影片，事實查核組織 Snopes 找到了原始的影片，且仔細看的話，造假的影片左上角有一個「Politifakes」的浮水印。點擊觀看相關事實查核報告。,https://www.snopes.com/fact-check/marjorie-taylor-greene-oprah/,找出原始的影像
瑞典環保活動家童貝里裸體跳舞,2021-11-26,一段瑞典瑞典環保活動家童貝里（Greta Thunberg）裸體跳舞的影片在通訊軟體上傳播，帶有「為了提高人們對全球暖化的認識，她展現了她完全裸露的身體」這樣的文字。但這其實是一則 Deepfake 影片，童貝里的臉被換到了色情女演員的臉上。童貝里於 2019 年參加聯合國氣候行動峰會時，當時年僅 16 歲的她以一句「你們怎麼敢！」（How dare you!）批評各國減排力道不足而聞名。點擊查看相關事實查核報告。,https://verifica.efe.com/si-has-visto-a-greta-thunberg-desnuda-en-un-video-es-un-deepfake/,找出原始的影像
馬利的社群媒體充斥著 AI 套件做的影片,2022-01-10,馬利的社群媒體上充斥著相似風格的影片：一個類似「主播」的角色在影片中述說一些事情，內容大部分都是誤導的假訊息，包括法國提供資金要求各政黨不要參與軍政府舉行的協商。但其實這是利用 Synthesia 這個網站生成的影片。只要輸入內容，你可以選擇任何一個 Synthesia 提供的 AI 人像幫你把內容唸出來，製作成影片。點擊查看相關事實查核報告。,https://observers.france24.com/en/tv-shows/truth-or-fake/20220110-truth-or-fake-debunked-mali-robot-voices-deepfakes,用套件產生
普丁支持塞爾維亞足球隊,2022-01-12,2022 年的世界盃足球賽，俄羅斯因為入侵烏克蘭而被禁賽，「因此俄羅斯人們需要選擇支持的對象，普丁選擇了塞爾維亞」，這段文字跟著一段俄羅斯總統普丁（Vladimir Putin）的影片在網路上傳播，這其實是一個 Deepfake 影片。它來自一個專門製作普丁 Deepfake 影片的頻道。點擊查看相關事實查核報告。,https://www.istinomer.rs/facebook-provere/podrska-putina-srpskoj-reprezentaciji-nova-vrsta-manipulacija/,作者有聲明是假的
南韓兩位總統候選人擁有了 AI 化身,2022-02-14,"在 COVID-19 疫情肆虐的 2022 年，南韓總統候選人們選擇用 AI 化身來競選。一開始是國民力量的參選人尹錫悅錄製了 3000 個句子、再藉由 20 小時的影像做出 AI 形象後，代替尹錫悅本人回應時事（回應內容是由幕僚提供，並非 AI 生成），每天會更新一至兩次，楊虔豪提到，平常媒體要採訪總統不太容易，一方面是行程很多，一方面他也沒辦法針對大大小小的事情即時回應，這個 AI 化身就能代替他做到這些事，讓選民覺得很新奇。
而他的對手共同民主黨李在明批評此行為「不自然」、且 Deepfake 通常都用在不光彩的事情，不適合用在選舉，但一個月後他們也推出了 AI 李在明。點擊查看相關報導。",https://news.pts.org.tw/article/572298,"帶有宣傳性質, 作者有聲明是假的"
美國主持人批評德國時政？,2022-02-25,美國著名主持人馬厄（Bill Maher）在節目中諷刺德國組織「和平遊行」的學者們（這些學者主張希望烏克蘭和俄羅斯開啟和平談判），但這其實是一個 Deepfake 影片。事實查核組織 Correctiv 找到了馬厄原始的節目影片，跟造假影片中他評論的內容無關。點擊查看相關事實查核報告。,https://correctiv.org/faktencheck/2023/03/07/deepfake-bill-maher-sprach-nicht-von-sascha-lobo-und-friedensschwurblern/,找出原始的影像
菲律賓前總統在影片中批評政治人物,2022-03-05,菲律賓前總統老馬可仕（Ferdinand Marcos）在影片中批評總統候選人邦邦（Bongbong Marcos）過去曾有逃稅的經歷，而人民不應該投票給逃稅者。但事實查核中心 Vera 發現影片中，「他的身體和露出的手都保持穩定，只有他的頭和五官在動」，很明顯是一個換臉影片，而原始貼文也說是假的，但分享的人都沒有將上下文一起轉貼。查看相關事實查核報告。,https://verafiles.org/articles/vera-files-fact-check-video-marcos-sr-taking-jab-voters-supp,"用套件產生, 作者有聲明是假的"
烏克蘭總統投降,2022-03-16,烏克蘭總統澤倫斯基（Volodymyr Zelensky）在一段影片中呼籲烏克蘭軍隊放下武器，但這是一段 Deepfake 影片，影片中有明顯的瑕疵，台灣事實查核中心的專文報導引述《BBC》假訊息調查記者的推特：「這是我從事這個工作以來看過最差的深偽影片之一」；烏克蘭裔的假訊息專家也說：「這個深偽影片讓我忍不住爆笑⋯⋯至少脖子跟臉的位置要對齊！」這是第一次 Deepfake 技術被用在戰爭中。點擊查看相關事實查核報告。,https://tfc-taiwan.org.tw/articles/7099,"內容明顯錯誤, 向相關人士求證"
普丁宣佈結束戰爭,2022-03-16,Twitter 一則推文「俄羅斯總統已宣布俄羅斯投降」，附帶著一則俄羅斯總統普丁（Vladimir Putin）的影片，但這其實是一則 Deepfake 影片。事實查核組織 LeadStories 找到了原始影片，是一個月前普丁透過電視談話說明他入侵烏克蘭的理由。也有人認為這是烏克蘭人的報復，因為當天才出現烏克蘭總統澤倫斯基（Volodymyr Zelensky）投降的 Deepfake 影片。點擊查看相關事實查核報告。,https://leadstories.com/hoax-alert/2022/03/fact-check-video-of-putin-ending-the-war-is-not-real.html,找出原始的影像
烏克蘭總統打電話給英國國防部長,2022-03-17,英國國防部長華萊士（Ben Wallace）接到了冒稱是烏克蘭總統澤倫斯基（Volodymyr Zelensky）的 Deepfake 視訊電話。通話進行了近 10 分鐘，華萊士開始起了疑心，因為對方開始詢問有關英國政策的問題，還要他喊口號。《衛報》的報導中，俄羅斯騙徒二人組說是他們做的，但否認和俄羅斯政府有關係。點擊查看相關事實查核報告。,https://www.thejournal.ie/uk-defence-secretary-impostor-ukraine-prime-minister-call-5714416-Mar2022/; https://www.theguardian.com/world/2022/mar/21/video-released-showing-russian-hoax-call-with-uk-defence-secretary,向相關人士求證
被謀殺的荷蘭男孩在影片中「復活」,2022-05-23,2003 年，荷蘭一位 13 歲的男孩蘇亞雷斯（Sedar Soares）發生在地鐵站與朋友玩耍時發生不幸意外，不知從何而來的子彈打中了他的頭部，他一天後在醫院離世。2022 年，一部廣告隨著這個事件的紀錄片一同播出：蘇亞雷斯本人在影片中，呼籲目擊者站出來提供相關的線索。影片播出後，警察收到數十條線索。點擊此處查看相關報導。,https://www.vrt.be/vrtnws/nl/2022/05/23/deepfake-sedar-soares/,"帶有宣傳性質, 作者有聲明是假的"
Deepfake 技術闖進「美國達人秀」,2022-06-07,美國達人秀（America's Got Talent）出現了一組特別的挑戰者：兩位 Deepfake 影片製作者（其中一位以製作湯姆克魯斯的 Deepfake 聞名）。他們與一位歌手合作，使用一台特製的攝影機拍攝這位歌手，歌手邊唱歌，大螢幕上出現的卻是台下其中一位評審在唱歌的模樣。這組挑戰者後來進入了決賽，又展現了另一個 Deepfake 表演影片。點擊觀看相關報導。,https://www.vrt.be/vrtnws/nl/2022/06/07/paalse-videoartiest-in-america-s-got-talent-met-live-deepfake/,"帶有宣傳性質, 作者有聲明是假的"
巴西總統魯拉參加活動時被說是小偷,2022-06-21,巴西總統魯拉在影片中和候選人一起參加活動，卻遭到群眾噓聲說他是「小偷」。事實查核組織 Lupa 認為影片經過剪輯、音檔被替換過、影片中的人也經過 Deepfake 技術被換臉。點擊觀看相關事實查核報告。,https://lupa.uol.com.br/jornalismo/2022/06/21/multidao-ladrao-lula,找出原始的影像
多位歐洲市長與假基輔市長通話,2022-06-22,6 月份，多位歐洲的市長（馬德里、維也納、柏林、布達佩斯，及波蘭多位市長）與烏克蘭基輔市長進行視訊通話，但這位基輔市長其實是 Deepfake 影像。維也納市長還因此發了 Twitter（但後來刪除了）。俄羅斯騙徒二人組宣稱這是他們做的。點擊查看相關事實查核報告。,https://www.newtral.es/falso-alcalde-kiev-deepfake-almeida-klitschko/20220707/; https://observador.pt/2022/06/27/deepfake-que-se-fazia-passar-por-autarca-de-kiev-tera-conseguido-enganar-politicos-europeus/,向相關人士求證
川普當選將釋放伊拉克總統海珊,2022-06-30,影片中，美國總統川普（Donald Trump）接受媒體採訪說若贏得 2024 年總統大選，將釋放伊拉克前總統海珊。2003 年美國主張海珊擁有大規模毀滅性武器，因此向伊拉克出兵，海珊在逃亡 8 個月後被抓，並於 2006 年被判處絞刑。此影片聲稱海珊並沒有死，還在獄中，而川普承諾當選後將會釋放他。事實上是有人挪用了 2016 年川普參加總統候選人辯論後受訪的影片，用 Deepfake 技術換上新的聲音。點擊觀看相關事實查核報告。,https://t4p.co/article/2022-06-30-donald-trump,找出原始的影像
巴西總統若連任將會有軍事政變,2022-07-10,巴西總統候選人、前州長葛梅斯宣稱若現任總統魯拉連任總統，軍隊將會政變，但這其實是一個 Deepfake 影片。READr 採訪事實查核組織 Comprova，編輯約瑟夫（José Antonio Lima）提到，錄音的主角是一位資深的政治家，有很多公開資料可以佐證他的立場跟錄音中的主張有很大的出入，而本人也否認錄製過這個音檔。但此影片還是在陰謀論族群中流傳，事實查核組織最後求助聲音鑑定，證明這個聲音跟葛梅斯的聲音不符合。點擊查看相關事實查核報告。,https://www.estadao.com.br/estadao-verifica/audio-ciro-gomes-lula-forcas-armadas/,向相關人士求證
葡萄牙總統親民地訪問了服飾店？,2022-07-13,葡萄牙總統馬塞洛（Marcelo Rebelo de Sousa）在影片中與服飾店老闆友好地互動，親民的形象讓網友驚訝，甚至被懷疑這是 Deepfake 影片。但媒體證實，馬塞洛在參加完活動後，通常都會散步到飯店，並趁機向人們打招呼，這個行程真實存在。點擊查看相關事實查核報告。,https://observador.pt/factchecks/fact-check-video-viral-de-marcelo-numa-loja-de-roupa-e-fake/,特殊案例
烏克蘭總統打電話給名人尋求支持,2022-07-22,「我想我被騙了⋯⋯但我不是唯一的一個。」美國知名作家史蒂芬金（Stephen Edwin King）在 Twitter 上寫道。他與烏克蘭總統澤倫斯基（Volodymyr Zelensky）視訊通話，但這其實是俄羅斯騙徒二人組的 Deepfake 惡作劇電話。史蒂芬金還說，作家 JK 羅琳（J. K. Rowling）、加拿大總理杜魯道（Justin Trudeau）、英國哈利王子都被騙了。點擊查看相關事實查核報告。,https://stirileprotv.ro/stiri/international/stephen-king-victima-unei-farse-deep-fake-a-crezut-ca-vorbeste-cu-zelenski-ce-i-a-spus-presedintelui-ucrainei.html,向相關人士求證
巴西主播辱罵總統候選人,2022-08-01,Tiktok 上流傳影片，巴西主播邦納（William Bonner）在節目播放總統魯拉（Luiz Inácio Lula da Silva）和副總統候選人阿克敏（Geraldo Alckmin）擁抱的照片時，說這是「兩個強盜」。但這其實是一個 Deepfake 影片，邦納的聲音被偽造了。點擊查看相關事實查核報告。,https://projetocomprova.com.br/publica%C3%A7%C3%B5es/audio-de-william-bonner-chamando-lula-e-alckmin-de-bandidos-e-falso-e-foi-feito-com-ferramenta-de-deepfakeo/,找出原始的影像
西班牙公主跳抖音舞,2022-08-02,Tiktok 上流傳西班牙公主萊昂諾（Leonor bailando）跳舞的影片，讓人以為公主也開始用 Tiktok 了，但這其實是一則 Deepfake 影片，出自一個專門製作萊昂諾 Deepfake 影片的頻道。點擊查看相關事實查核報告。,https://maldita.es/malditobulo/20220802/video-tiktok-princesa-leonor-montaje/,"作者有聲明是假的, 找出原始的影像"
美國總統拜登已經死了,2022-08-08,假訊息聲稱美國總統拜登（Joe Biden）已經死了，現在在公共場合出現的要不是替身、要不就是 Deepfake 影像。點此查看相關事實查核報告。,https://www.raskrinkavanje.me/analiza/novi-nivo-neistina-predsjednik-amerike-nije-mrtav/,特殊案例
尼日總統教訓法國總統,2022-08-11,社群媒體流傳影片，尼日總統巴祖姆（Mohamed Bazoum）就俄烏戰爭的影響給法國總統馬克宏（Emmanuel Macron）上了一堂「地緣政治課」，但這其實是一則 Deepfake 影片。原影片是 2021 年 7 月的一場記者會，當時俄烏戰爭尚未開打。法新社（AFP）事實查核組織發現，自從 2020 年尼日開始抗議法國位於薩赫勒地區的反恐部隊後，對於兩國之間的假訊息愈來愈多。點此查看相關事實查核報告。,https://factuel.afp.com/doc.afp.com.32GA2U2,找出原始的影像
巴西選舉民調的新聞被篡改,2022-08-15,巴西總統大選的民調遭到 Deepfake 竄改。8 月，原先佔優勢的候選人魯拉（Lula Da Silva）的支持率與第二名對調了，除了影片畫面被修改，主持人的聲音也被 Deepfake 技術重製。點此查看相關事實查核報告。同年 9 月，又發生了一次選舉民調新聞影片遭到竄改的事件，但只是修改影片內容（將民調的名字調換），並非 Deepfake。,https://www.newtral.es/deepfake-bolsonaro-renata-vasconcellos/20220819/ ; https://observador.pt/factchecks/fact-check-bolsonaro-surge-na-lideranca-de-sondagem-transmitida-no-jornal-da-globo-com-46-dos-votos-contra-31-de-lula/,找出原始的影像
加密貨幣平台幣安（Binance）的客戶被 Deepfake 視訊電話詐騙,2022-08-23,英國科技網站《The Register》報導，有人以幣安（Binance）的客戶長希爾曼（Patrick Hillmann）過去的影像畫面製作了 Deepfake 影像，透過視訊軟體 Zoom 詐騙他人。直到希爾曼收到訊息表示「感謝你在線上會議與我們討論在幣安上的資產清單」，而他並不認識發訊息的人、也完全不知道此事，這件事才曝光。點擊查看相關報導。,https://www.theregister.com/2022/08/23/binance_deepfake_scam/,向相關人士求證
馬斯克支持奈及利亞的總統候選人,2022-08-31,社群媒體流傳著一段影片，表示特斯拉執行長馬斯克（Elon Musk）在奈及利亞總統大選中，支持候選人奧比（Peter Obi），但這其實是一則 Deepfake 影片。這是用現成的 AI 影片平台 ElonTalks 製作的，該網站可以讓馬斯克說出任何你想讓他說出的話。點擊查看相關事實查核報告。,https://africacheck.org/fact-checks/meta-programme-fact-checks/no-elon-musk-hasnt-declared-support-nigerian-presidential,"用套件產生, 作者有聲明是假的"
足球員羅納度其實是穆斯林,2022-09-07,影片聲稱知名足球員羅納度（Cristiano Ronaldo）在皈依伊斯蘭教後表演了一首阿拉伯歌曲，「他現在是一位穆斯林」，實際上是一個 Deepfake 影片，原作者稱它是玩笑，也可以從該頻道其他的 Deepfake 影片發現。點選查看相關事實查核報告。,https://factly.in/a-deep-fake-video-of-cristiano-ronaldo-singing-in-arabic-is-shared-as-real-claiming-him-as-a-muslim/,作者有聲明是假的
靜岡水災導致水淹民宅，災情慘重,2022-09-26,日本靜岡縣 2022 年 9 月因為颱風發生水災，一名 Twitter 用戶發佈多張洪水淹過民宅的畫面，引文描述「狀況太悲慘」，引發大量轉貼。但發佈 12 小時後，該帳號承認這都是 AI 作圖。點擊查看相關事實查核報告。,https://factcheckcenter.jp/n/nd46b7aeed7f4,"內容明顯錯誤, Midjourney, 用套件產生"
亞利桑那州參議員與川普共同出席活動,2022-09-27,社交媒體上傳播的影片中，美國亞利桑那州參議員席納瑪（Kyrsten Sinema）在一場集會裡介紹了美國前總統川普（Donald Trump）。這是一個 Deepfake 影片，原影片拍攝自 2015 年川普參加拉斯維加斯的總統競選集會，一名女性支持者在造假影片中被換臉成席納瑪。當時席納瑪是民主黨員（她在幾個月後退出），此影片可能是在暗示她違背自己的政治立場。點擊查看相關事實查核報告。,https://www.snopes.com/fact-check/kyrsten-sinema-donald-trump/,找出原始的影像
伊拉克總統海珊還活著,2022-10-13,伊拉克前總統海珊出現在 Tiktok 影片中，文字敘述表示他還活著，「這是 2022 年監獄中的影像」。2003 年美國主張海珊擁有大規模毀滅性武器，因此向伊拉克出兵，海珊在逃亡 8 個月後被抓，並於 2006 年被判處絞刑。這已經是第二次出現「海珊沒死」的 Deepfake 假訊息，第一次是同年 6 月有人利用 Deepfake 技術讓美國前總統川普說出若他在 2024 年當選總統，將釋放仍在獄中的海珊。點選查看相關事實查核報告。,https://t4p.co/article/2022-10-13-saddam-hussein-release-date-from-prison,內容明顯錯誤
拜登唱〈Baby Shark〉,2022-10-18,影片中，美國總統拜登（Joe Biden）唱著知名兒歌〈Baby Shark〉，宣布這將成為美國的新國歌。實際上這是一個 Deepfake 影片，原作者在影片敘述中就已經註明，但影片被傳播的時候並沒有註明、也沒有註明來源。點擊查看相關事實查核報告。,https://leadstories.com/hoax-alert/2022/10/fact-check-video-does-not-show-biden-singing-baby-shark.html,找出原始的影像
馬斯克將買下 Facebook,2022-11-09,Tiktok 的影片中，馬斯克（Elon Musk）宣稱自己將買下 Meta，「Facebook 和 Instagram 都會變成我的」。但這是一個 Deepfake 影片，原始影片是馬斯克參加 TED 活動時宣布將收購 Twitter。作者用了 Deepfake 技術改變了嘴形，並偽造了一段他沒說過的話。點擊查看相關事實查核報告。還有幾則採取了相同手法、僅有內容不同的 Deepfake 影片裡，馬斯克說「荷蘭國王是個獨裁者」、「解鎖了厭女網紅的 Twitter 帳號」。,https://maldita.es/malditobulo/20221110/musk-comprar-meta-deepfake/,找出原始的影像
馬斯克批評荷蘭國王是獨裁者,2022-11-22,Tiktok 的影片中，馬斯克（Elon Musk）批評荷蘭國王呂特（Mark Rutte）是個獨裁者，「人們應該要反抗他」。但這是一個 Deepfake 影片，原始影片是馬斯克參加 TED 活動。作者用了 Deepfake 技術改變了嘴形，並偽造了一段他沒說過的話。點擊查看相關事實查核報告。還有幾則採取了相同手法、僅有內容不同的 Deepfake 影片裡，馬斯克說「將買下 Facebook」、「解鎖了厭女網紅的 Twitter 帳號」。,https://dpa-factchecking.com/netherlands/221122-99-619364/,找出原始的影像
印尼的爭議人物是普丁的好朋友,2022-12-09,朗加（Edi Raharjo，更為人熟知的名字是 Rangga Sasana）是印尼的爭議人物，曾因為散佈假訊息被捕，也因散播陰謀論的 Youtube 頻道著名。他逝世後沒幾天，網路上出現了一個他與俄羅斯總統普丁站在一起的影片，暗示他是普丁的好友。事實上，這是普丁在大學與學生見面的影片，其中一個人用 Deepfake 技術換臉成朗加。事實查核組織 Kompas 認為，發文者可能是想以普丁的形象諷刺朗加生前的各種爭議。點此查看相關事實查核報告。,https://www.kompas.com/cekfakta/read/2022/12/09/085800282/-hoaks-video-lord-rangga-ada-di-belakang-putin?page=all,找出原始的影像
中國松花江河冰開花,2023-01-05,社群媒體流傳著一張張「中國東北松花江河冰開花」的影像，但台灣事實查核中心判斷應是由 AI 生成的圖片。點選查看相關事實查核報告。,https://tfc-taiwan.org.tw/articles/8624,用套件產生
拜登演講時臉擰成一團,2023-01-10,Twitter 流傳影片嘲笑美國總統拜登（Joe Biden）在演講時把臉部擰成一團。台灣事實查核中心詢問專家，是有人使用 Deepfake 技術編輯面部表情。原影片是拜登出席總統公民獎章頒獎典禮，在直播影片中，拜登並沒有如假訊息影片中擰成一團的表情。點擊查看相關事實查核報告。,https://tfc-taiwan.org.tw/articles/8687,找出原始的影像
川普支持奈及利亞總統候選人,2023-01-15,社群媒體流傳著一段影片，表示美國前總統川普（Donald Trump）在奈及利亞總統大選中，支持候選人奧比（Peter Obi），但這其實是一則 Deepfake 影片，原始影片來自 2020 年 7 月川普的記者會。去年 8 月也有類似的影片，是特斯拉執行長馬斯克（Elon Musk）支持奧比，但其實是用 AI 影片平台 ElonTalks 製作的。點擊查看相關事實查核報告。,https://factcheck.afp.com/doc.afp.com.336Z8Q6,找出原始的影像
馬斯克承認自己吸毒,2023-01-16,Twitter 流傳一則影片，表示執行長馬斯克（Elon Musk）說自己剛嗑完藥，感覺很棒，準備設計 30 輛嶄新的太空車去火星。但這其實是一則 Deepfake 影片，台灣事實查核中心發現，發布該影片的帳號自稱「The AI guy」，頻道內有多個馬斯克的影片，且自稱是 Deepfake 影片。點擊查看相關事實查核報告。,https://tfc-taiwan.org.tw/articles/8660,作者有聲明是假的
多位非裔美國人支持布吉納法索軍政權,2023-01-23,社群媒體流傳多個影片，內容是一群非裔美國人、或泛非主義者支持現在在布吉納法索掌權的軍政府。但這些都是 Deepfake 影片，是由 AI 平台 Synthesia 創建的，只要輸入內容，你可以選擇任何一個 Synthesia 提供的 AI 人像幫你把內容唸出來，製作成影片。這些內容在親軍政府的圈子中流傳。點擊查看相關事實查核報告。,https://observers.france24.com/fr/afrique/20230127-intox-deepfake-burkina-faso-panafricanistes-soutien-junte-synthesia,"Synthesia, 用套件產生"
巴塔納油治好了網紅喬羅根的禿頭,2023-02-01,美國知名喜劇演員喬羅根（Joe Rogan）出現在 Facebook 上的影片中，看起來在他的 Podcast 節目中推薦了一款髮油，這治好了他的禿頭。事實查核組織 Lead Stories 找到原始影片，並認為這是一則出於娛樂性質而製作的 Deepfake 影片。點擊查看相關事實查核報告。,https://leadstories.com/hoax-alert/2023/02/fact-check-no-evidence-doctor-truth-batana-oil-reverses-hair-loss.html,找出原始的影像
拜登貶低跨性別者,2023-02-03,「你永遠不會成為一個真正的女人」，一則美國總統拜登（Joe Biden）批評跨性別者的影片在社群媒體上流傳，但這是 Deepfake 影片。事實查核組織 PolitiFact 找到兩個保守派的網站發表有關這個影片的文章，並承認它是 Deepfake。點擊查看相關事實查核報告。,https://www.politifact.com/factchecks/2023/feb/06/instagram-posts/joe-biden-has-offered-support-transgender-american/,作者有聲明是假的
中國生成大量親中立場影片,2023-02-07,社群媒體流傳多個「親中」影片，有著相似的架構：打扮整齊的西方面孔在影片中宣揚中國的好，這些是由 AI 平台 Synthesia 創建的，只要輸入內容，你可以選擇任何一個 Synthesia 提供的 AI 人像幫你把內容唸出來，製作成影片。《紐約時報》提到，這是第一個將 Deepfake 用在國家大外宣的案例，「雖然手法拙劣，但它開啟了資訊戰的新篇章。」點擊查看相關報導。,https://www.nytimes.com/2023/02/07/technology/artificial-intelligence-training-deepfake.html,"Synthesia, 用套件產生"
法國反養老金抗議中的感人照片,2023-02-08,社群媒體流傳幾張法國的反養老金抗議示威現場的感人照片：防暴警察擁抱著一位婦女。但仔細看，會發現照片有明顯的瑕疵，如多根手指、形狀不規則的面罩等等。發佈該照片的 Twitter 於隔天承認這是用 AI 生成的假訊息，目的是為了提高人們對於此類圖像的警覺。點擊查看相關事實查核報告。,https://maldita.es/malditatecnologia/20230217/imagen-manifestacion-francia-falsa-inteligencia-artificial/,"用套件產生, 作者有聲明是假的"
西班牙眾議員熱舞,2023-02-09,西班牙眾議員奧洛納（Macarena Olona）隨著音樂熱舞的影片在社群網站上傳播，但這其實是一個 Deepfake 影片，原始發布者已經標註，但仍有大量佚失原文的影片傳播。這是用 Reface 這款 APP 製作的影片，可以輕易將影片中的人換臉。點擊查看相關事實查核報告。,https://maldita.es/malditobulo/20230209/macarena-olona-bailando-deepfake/,用套件產生
中國將展開把臺灣納入國土的行動,2023-02-09,中國影音平台從 2023 年 1 月開始流傳一場記者會的影片，後來此內容也以文字方式在通訊軟體中流傳。影片中，一位看似發言人的男子宣稱「中國政府向全世界發布最新莊嚴公告」，內容包括解放軍將「開始保衛臺灣」。但從男子的穿著、說話時不自然的表情神態，應屬於 Deepfake 影片，台灣事實查核中心詢問專家，專家表示以系統分析或人眼辨識，均可觀察到網傳影片有變造痕跡，影片不是真實記者會影像。點擊查看相關事實查核報告。,https://tfc-taiwan.org.tw/articles/8770,內容明顯錯誤
馬斯克揭露解鎖厭女網紅帳號的真正原因,2023-02-10,Tiktok 的影片中，馬斯克（Elon Musk）表示自己解鎖厭女網紅泰特（Andrew Tate）Twitter 帳號的原因，「和我買 Twitter 的原因一樣。我們需要跳脫常規，揭露全球菁英的陰謀」，還說泰特之所以入獄是因為有人支付他 10 億元來讓他閉嘴，但他拒絕了。但這是一個 Deepfake 影片，原始影片是馬斯克參加 TED 活動時的演講，作者用了 Deepfake 技術改變了嘴形，並偽造了一段他沒說過的話。泰特是美國著名的網紅，多年來不斷發表厭女言論，遭到各大社群平台封殺。Twitter 於 2017 年關閉了他的帳號，但在馬斯克收購 Twiiter 後復原了。點擊查看相關事實查核報告。還有幾則採取了相同手法、僅有內容不同的 Deepfake 影片裡，馬斯克說「荷蘭國王是個獨裁者」、「我將收購 Facebook」。,https://leadstories.com/hoax-alert/2023/02/fact-check-video-does-not-show-elon-musk-talking-about-andrew-tate-its-a-deepfake.html,找出原始的影像
拜登說外星人造訪美國,2023-02-14,Twitter 流傳的影片中，美國總統拜登（Joe Biden）說 FBI 已經通知他最近在美國上空出現的不明飛行物可能是外星人造訪。西班牙事實查核組織 Verificado 發現，截至 2 月 20 日，這則假訊息的瀏覽量已經超過 3 萬 6 千次。但這是一則 Deepfake 影片，原影片是 2022 年 11 月 9 日拜登發表的演講。點擊查看相關事實查核報告。,https://verificado.com.mx/falso-biden-onvi-posiblemente-extraterrestres/,找出原始的影像
馬斯克將在奈及利亞蓋高級飯店,2023-02-15,Tiktok 的影片中，馬斯克（Elon Musk）宣布將在奈及利亞建造高級飯店，但其實是一則 Deepfake 影片，影片中的「高級飯店」其實是美國的特斯拉工廠。點擊查看相關事實查核報告。,https://congocheck.net/faux-le-milliardaire-elon-musk-ne-construit-pas-un-hotel-au-nigeria/,內容明顯錯誤
「假新聞」質疑委內瑞拉並沒有經濟危機,2023-02-21,一則在 Facebook 上被轉載超過 1 萬次的影片指出，委內瑞拉有 800 萬人於假期旅遊，「爭先恐後地把錢花在海灘上」，代表經濟狀況很好，「與媒體多年來的說法相反」——影片中的主播這樣說。先不論內容的正確性（因為政府估計只有 420 萬人去旅遊），這個影片是由 AI 平台 Synthesia 創建的，只要輸入內容，你可以選擇任何一個 Synthesia 提供的 AI 人像幫你把內容唸出來，製作成影片。事實查核組織 Liberation 也認為，這可能是委內瑞拉政府的支持者所為，「為了讓人們忘記這場導致 700 萬委內瑞拉人流亡的危機」。點擊查看相關事實查核報告、這篇則提供更多的背景資訊。,https://cotejo.info/2023/02/fb-falta-contexto-ocupacion-hotelera-durante-carnavales-2023-no-demuestra-crecimiento-economico-de-venezuela/ ; https://www.liberation.fr/international/amerique/venezuela-de-faux-jt-presentes-par-des-avatars-prechent-la-propagande-de-nicolas-maduro-20230221_EEFBBHGKT5ACTEBVKDOQAPRCZM/,"Synthesia, 用套件產生"
拜登承認自己在說謊,2023-03-02,社群媒體流傳著一則影片：美國總統拜登（Joe Biden）在說明不明空中物體的記者會後，以為麥克風關閉了，對著身邊的助理說「你覺得他們會相信這些廢話嗎？反正這些人什麼都信」。但法新社事實查核認為這段聲音是用 Deepfake 技術製作的。2023 年 2 月，美國擊落了一顆「中國氣球」，開啟了中國是否利用氣球展開間諜行動的討論。這場記者會是拜登在說明最近天空中的不明物體數量變多，部分原因是雷達設置的改變，而近期擊落的物體跟「中國氣球」無關。點擊查看相關事實查核報告。,https://factual.afp.com/doc.afp.com.33AC46T,找出原始的影像
美國參議員說共和黨人在 2024 大選最好不要投票,2023-03-02,一部在 Twitter 發佈的影片中，美國參議員華倫（Elizabeth Warren）在電視播放的一段新聞訪談表示，應該要禁止共和黨人在 2024 年總統大選投票，因為他們過去有過破壞公眾對政府信任的紀錄。但這其實是一則 Deepfake 影片，法新社（AFP）找到了網路上第一次被上傳的版本，就帶有 #deepfake 的標籤，但其他分享的版本並沒有這些訊息。變造影片的原始影片來自 2022 年華倫受訪的片段。點擊查看相關事實查核報告。,https://factcheck.afp.com/doc.afp.com.33AE6KT,找出原始的影像
拜登即將大規模徵兵去烏克蘭作戰,2023-03-03,影片中，美國總統拜登（Joe Biden）發布草案，即將徵召 20 歲的人前往烏克蘭打仗，但這是一則 Deepfake 影片。印度事實查核組織 India Today 發現原作者就有說是 AI 製作的假影片，但傳播這則影片的人並沒有引用原作者的提醒，而是加上「你會讓你的孩子上戰場嗎」這樣的文字。點擊查看相關事實查核報告。,https://www.indiatoday.in/fact-check/story/americans-are-not-being-conscripted-for-ukraine-war-deepfake-biden-video-goes-viral-2342322-2023-03-03,"作者有聲明是假的, 找出原始的影像"
馬斯克稱讚阿爾巴尼亞歌手,2023-03-04,Tiktok 的影片中，馬斯克（Elon Musk）稱讚一位著名的阿爾巴尼亞歌手艾利（Luiz Ejlli），此影片被觀看超過 100 萬次。但這其實是一個 Deepfake 影片，原影片是 2018 年馬斯克接受節目採訪。點擊查看相關事實查核報告。,https://hibrid.info/deep-fake-elon-musk-nuk-ka-folur-per-luiz-ejllin/,找出原始的影像
AI 變成了醫生用來宣傳的病人,2023-03-08,Facebook 影片中，一位女性敘述自己對抗糖尿病的經歷，遍尋各種療法，最後才在某位醫生的治療下恢復健康。此影片被觀看超過 7 萬次。但它其實是 Synthesia 平台製作出的影片，只要輸入內容，你可以選擇任何一個 Synthesia 提供的 AI 人像幫你把內容唸出來，製作成影片。點擊查看相關事實查核報告。,https://colombiacheck.com/chequeos/circulan-en-facebook-videos-con-personajes-falsos-para-promocionar-un-medico-para-la,"Synthesia, 用套件產生"
比爾蓋茲被指控推廣 COVID-19 疫苗賺錢,2023-03-09,影片中，微軟創辦人比爾蓋茲（Bill Gates）接受記者連番訪問顯得有點不知所措，記者質疑他對世界的貢獻，說微軟不是他一個人發明的，還透過 COVID-19 來賺錢。但這是一則 Deepfake 影片，原影片來自同年 1 月底蓋茲接受澳媒 ABC 的採訪。點擊查看相關事實查核報告。,https://factly.in/this-viral-video-of-bill-gatess-interview-is-fake-and-was-created-using-deepfake-technology/,找出原始的影像
多位名人參與了「世紀大搶劫」,2023-03-12,社群媒體上流傳影片，有人列出了好幾個人名，指出這些名人和 40 位政府官員都參與了「世紀大搶案」，影片中述說的人顯得很不自然。伊拉克事實查核組織 Tech4Peace 認為這是一則 Deepfake 影片。點擊查看相關事實查核報告。,https://t4p.co/article/2023-03-12-nour-zuhair-prison,內容明顯錯誤
加拿大知名學者批評德國政府,2023-03-14,社群媒體流傳著多個影片，是加拿大心理學家彼得森（Jordan B. Peterson） 批評德國政府多位官員。這些都是 Deepfake 影片，除了嘴唇與聲音沒有同步的明顯錯誤，彼得森本人也在 Twitter 上表示這些影片都是假的。點擊查看相關事實查核報告。,https://correctiv.org/faktencheck/2023/03/14/deepfake-nein-jordan-b-peterson-zog-nicht-ueber-baerbock-lauterbach-und-scholz-her/,"內容明顯錯誤, 向相關人士求證"
拜登談論銀行倒閉的錄音流出,2023-03-15,Tiktok 和 Twitter 上流傳一段錄音，貼文的人聲稱是美國總統拜登（Joe Biden）在談論矽谷銀行倒閉的後果。事實查核組織 PolitiFact 詢問專家，認為該錄音應該是 AI 生成的，因為它有在人類聲音中不存在的低頻率。點擊查看相關事實查核報告。,https://www.politifact.com/factchecks/2023/mar/20/tiktok-posts/audio-clip-president-joe-biden-talking-about-bank/,向相關人士求證
BBC 主播稱讚阿爾巴尼亞歌手,2023-03-16,Tiktok 的影片中，BBC 主播稱讚一位著名的阿爾巴尼亞歌手艾利（Luiz Ejlli），有超過 40 萬人觀看此影片。但這其實是一個 Deepfake 影片，原影片是 2022 年該主播報導烏克蘭戰爭。點擊查看相關事實查核報告。,https://hibrid.info/bbc-nuk-ka-folur-per-konkurrentin-e-bbva-luiz-ejllin/,找出原始的影像
新物種「蛇貓」是 AI 合成的圖片,2023-03-17,社群網路上傳播著一隻貓的照片，皮膚佈滿黑黃相間的斑點，就像蛇。照片附上了「蛇貓」詳細的介紹，包括它產自南美洲、被認為是世界上最稀有的貓科動物等等。事實查核組織 Colombia Check 詢問專家，並認定它是 AI 製成的假圖片。點擊查看相關事實查核報告。,https://colombiacheck.com/chequeos/imagen-de-falso-gato-serpiente-que-circula-en-redes-fue-creada-con-inteligencia-artificial,"Midjourney, 用套件產生"
普丁向習近平下跪,2023-03-20,2023 年 3 月，中國國家主席習近平訪問俄羅斯，進行 3 天的國事訪問，第一天就與俄羅斯總統普丁（Vladimir Putin）會面長達 4.5 小時。會面結束後，社群媒體流傳一張普丁向習近平下跪的照片。根據事實查核組織 MyGoPen 調查，圖片中有明顯的錯誤（背景柱子變形）、也有諸多細節與實際會面的攝影照片不符，此圖片應是由 AI 生成的圖片。點擊查看相關事實查核報告。,https://www.mygopen.com/2023/03/ai-xi.html,"內容明顯錯誤, Midjourney, 用套件產生"
川普在街頭拒捕,2023-03-21,美國總統川普被起訴後，一張張川普在大街上抗拒被逮捕的照片在社群網站上被瀏覽了將近 500 萬次，而這些照片的作者是開源調查網站 Bellingcat 的創辦人希金斯（Eliot Higgins），他用 Midjourney 創造了川普被捕的場景，「我只是在鬧著玩，」他接受華盛頓郵報的採訪時說，「我以為只有 5 個人會轉發它。」點擊查看相關事實查核報告。,https://mediatalks.uol.com.br/2023/03/24/imagens-falsas-de-trump-sendo-preso-para-denunciar-deepfakes-viralizam-no-twitter/,"Midjourney, 用套件產生, 作者有聲明是假的"
檢察官將撤銷對川普的所有指控,2023-03-23,美國檢察官布拉格（Alvin Bragg）在影片中表示，紐約地檢辦公室經過徹底的調查後，決定撤銷對川普的所有指控，他也將辭去檢察官的職務——但這是一則 Deepfake 影片。當時，川普可能將因為支付色情女星封口費被起訴（若為競選捐款或資金，川普辦公室需要揭露此筆費用）。原影片來自 2022 年紐約大學法學院的活動。點擊查看相關事實查核報告。,https://www.politifact.com/factchecks/2023/mar/27/tiktok-posts/alvin-bragg-didnt-say-he-would-drop-charges-agains/,找出原始的影像
馬斯克跟不同的女人牽手,2023-03-24,Tesla 執行長馬斯克（Elon Musk）在 Twiiter 上出現了八卦緋聞：有不同的照片顯示他牽著不同女人的手走在街上，其中包括通用汽車執行長和美國眾議員。但原作者承認這是用 Midjourney 製作的，只是想展示這項技術的能耐。點擊查看相關事實查核報告。,https://www.snopes.com/fact-check/photograph-elon-musk-holding-hands-aoc/,"Midjourney, 用套件產生, 作者有聲明是假的"
佛州州長承認自己為了錢簽署法案,2023-03-26,美國佛羅里達州州長德桑蒂斯（Ron DeSantis）在影片中承認自己簽署了一些爭議法案，且都是為了錢——這是一則 Deepfake 影片，有明顯的影音不同步。且事實查核組織 Politifact 找到了原始的影片：2022 年 2 月德桑蒂斯在保守黨政治行動會議上的演講。點擊查看相關事實查核報告。,https://www.politifact.com/factchecks/2023/mar/31/facebook-posts/deepfake-video-alters-ron-desantis-speech-and-skew/,找出原始的影像
穿著潮流白色羽絨衣的教宗,2023-03-27,教宗方濟各穿著時髦的白色的羽絨大衣走在街上——這其實是 AI 圖片生成工具 Midjourney 產生的圖片，原始圖片就被發在 Reddit 的 Midjourney 討論版。點擊查看相關事實查核報告。,https://observador.pt/2023/03/27/imagem-falsa-do-papa-francisco-de-casaco-branco-e-cruz-prateada-confunde-utilizadores-das-redes-sociais/,"Midjourney, 用套件產生, 作者有聲明是假的"
維基解密的亞桑傑快死了,2023-03-29,社群媒體上流傳著一張維基解密創辦人亞桑傑（Julian Assange）的照片，他看起來瀕臨死亡，照片的引文呼籲盡快釋放他，還加上了 #FreeAssangeNOW 的標籤。事實查核組織  Lead Stories 詢問原作者，對方承認這是用 Midjourney 製作的，目的是要喚起人們的同情。點擊查看相關事實查核報告。,https://leadstories.com/hoax-alert/2023/04/fact-check-social-media-image-not-photo-of-wikileaks-founder-julian-assange-its-ai-generated-deepfake.html,"Midjourney, 用套件產生, 帶有宣傳性質, 作者有聲明是假的"
教宗與美女共浴,2023-04-01,社群媒體流傳教宗方濟各在浴缸裡與兩位美女共浴的照片，但其實是用 Midjourney 類型的 AI 生成的，因為照片中的女性手指有不自然的蜷曲。印度的右翼人士們轉貼了這張圖片，並附上諷刺性的說明文字。點擊查看相關事實查核報告。,https://www.boomlive.in/fact-check/world/fake-news-viral-photo-pope-francis-with-two-women-in-a-bathtub-midjourney-factcheck-21551,"Midjourney, 用套件產生"
川普與支持者來到紐約,2023-04-03,社群媒體流傳美國總統川普（Donald Trump）走在紐約街頭，身後有一大群人，但這是用 Midjourney 類型的 AI 生成的照片，因為照片中的人臉都有明顯的瑕疵。2023 年 4 月，川普因為支付色情女星封口費被起訴（若為競選捐款或資金，川普辦公室需要揭露此筆費用），關於他被捕的各種形象，與真實的照片一起在網路上不斷流傳。點擊查看相關事實查核報告。,https://www.snopes.com/fact-check/trump-arraignment-arrival-photo/,"Midjourney, 用套件產生"
川普已經被捕,2023-04-04,社群媒體流傳美國總統川普（Donald Trump）作為囚犯形象的大頭照，搭配了「滿分十分，你會為川普被捕這件事的開心程度打幾分？」的文字，但其實是用 Midjourney 類型的 AI 生成的，因為社群平台上至少出現了三張不同穿著的囚犯大頭照。2023 年 4 月，川普因為支付色情女星封口費被起訴（若為競選捐款或資金，川普辦公室需要揭露此筆費用），關於他被捕的各種形象，與真實的照片一起在網路上不斷流傳。點擊查看相關事實查核報告。,https://www.boomlive.in/fact-check/world/fake-news-viral-photos-trump-mugshots-ai-generated-trump-arrest-arraignment-new-york-factcheck-21568,"Midjourney, 用套件產生"
阿根廷饒舌歌手 Duki 模仿了很多人唱歌,2023-04-09,社群媒體上的影片讓阿根廷饒舌歌手杜基（Duki）看起來一口氣上傳了他翻唱十幾位歌手作品的影片——但這其實都是 AI 生成的。事實查核組織Maldita.es 提到，這種案例不是第一次出現，網路上還有如女神卡卡（Lady Gaga）、格蘭德（Ariana Grande）等知名歌手的翻唱影片，都是 AI 做的。如利用 Diff-SVC 等開源程式碼，學習語音的特徵，再將其應用在其他語音中。Maldita.es 也提到，雖然大多數的作品都會註明這是 AI 產生的，但仍有許多人誤認這是歌手自己錄製的。點擊查看相關事實查核報告。,https://maldita.es/malditatecnologia/20230411/inteligencia-artificial-clonar-voz-canciones-duki/,作者有聲明是假的
特斯拉將推出用睪丸解鎖車輛的新功能,2023-04-10,馬斯克（Elon Musk）在一段 Instagram 的影片上宣布電動車特斯拉即將推出新功能：用睪丸解鎖來發動車輛，但這是 Deepfake 影片，原影片來自馬斯克 3 月接受世界政府峰會的採訪。點擊查看相關事實查核報告。,https://www.politifact.com/factchecks/2023/apr/10/instagram-posts/video-elon-musk-talking-about-new-way-unlock-tesla/,找出原始的影像
希拉蕊支持共和黨州長選總統,2023-04-11,前美國國務卿希拉蕊柯林頓（Hillary Clinton）在接受媒體採訪時，說她將支持佛州州長德桑蒂斯（Ron DeSantis）競選總統，希拉蕊還在最後說了一句「九頭蛇萬歲」（來自漫威電影，反派的代表口號）——這是一則 Deepfake 影片，被觀看了超過 70 萬次。原始影片來自 2021 年 MSNBC 對希拉蕊的深度專訪，而 Deepfake 影片的原作者也在推文回覆中承認這是 Deepfake 影片。點擊查看相關事實查核報告。,https://checkyourfact.com/2023/04/17/fact-check-clinton-endorse-desantis-president/,內容明顯錯誤
印度總理莫迪不會用顯微鏡,2023-04-12,社群媒體上流傳印度總理莫迪穿著實驗白袍、用顯微鏡的照片，被多位網友推文嘲笑說連顯微鏡都不知道如何使用。這其實是一系列用 Midjourney 製作的照片，原作者是一位視覺藝術家，僅是為了娛樂製作圖片。但照片被分享的時候原意已佚失。點擊查看相關事實查核報告。,https://hindi.boomlive.in/fact-check/pm-narendra-modi-microscope-photo-ai-image-viral-fact-check-21652,"Midjourney, 作者有聲明是假的"
達賴喇嘛被捕,2023-04-13,西藏精神領袖達賴喇嘛被警察逮捕的照片在網路上流傳，就在他為自己與小男孩互動不當道歉的幾天後。原作者在 Twitter 的回應中承認只是為了好玩用 AI 生成此圖片。點擊查看相關事實查核報告。,https://www.snopes.com/fact-check/photograph-dalai-lama-being-arrested/,作者有聲明是假的
泰國貴族們曾獵殺巨型奇幻生物,2023-04-14,Facebook 流傳一張照片，宣稱泰國的貴族過去在森林中找到一種巨型奇幻生物。但這些照片是由 AI 生成的，因為照片裡的人都有畸形的臉和手。點擊查看相關事實查核報告。,https://leadstories.com/hoax-alert/2023/04/fact-check-images-mysterious-animals-not-from-reign-of-thai-king-rama-v-ai-generated.html,"Midjourney, 用套件產生"
湯姆克魯斯可以跳很高,2023-04-15,好萊塢男星湯姆克魯斯（Tom Cruise）Tiktok 影片中跳得驚人的高——但這是一個 Deepfake 影片，來自一個專門製作湯姆克魯斯 Deepfake 影片的創作者組合（Tiktok 帳號為 @deeptomcruise），由湯姆克魯斯的替身演員費雪（Miles Fisher）和 Deepfake 技術專家組成。事實查核組織 Snopes 認為，即使 @deeptomcruise 以此聞名，但大多數人在傳播時都沒有標註來源。點擊查看相關事實查核報告。,https://www.snopes.com/fact-check/tom-cruise-jump-over-keegan-key/,作者有聲明是假的
教宗與「惡魔牧師」握手,2023-04-16,社群媒體上流傳教宗方濟各與惡魔形象的牧師握手的照片，但從照片細節可以明顯看出是 AI 生成的圖片。點擊查看相關事實查核報告。,https://boliviaverifica.bo/el-papa-francisco-no-saludo-a-sacerdotes-satanicos-como-se-difunde-en-redes-sociales//,"Midjourney, 用套件產生"
微距蜜蜂照片是由 AI 生成,2023-04-17,一張蜜蜂特寫的照片被上傳到 Twitter，貼文者讚嘆它的美，但這其實是 AI 生成的照片，它與真實的蜜蜂特徵不同，且事實查核組織 Snopes 找到了製作此照片的帳號上傳的通常都是 AI 生成的照片。點擊查看相關事實查核報告。,https://www.snopes.com/fact-check/close-up-bees-face/,用套件產生
裴洛西議長對闖入者下達槍殺令,2023-04-19,美國前眾議院議長裴洛西（Nancy Pelosi）在 Tiktok 影片中看起來用電話與人交談，並說已經下達命令，將會槍殺任何闖入議長大廳的人。但這是一個 Deepfake 影片，原始影片來自她的紀錄片。點擊查看相關事實查核報告。,https://www.politifact.com/factchecks/2023/apr/21/tiktok-posts/nancy-pelosi-didnt-order-anyone-to-be-shot-jan-6-2/,找出原始的影像
好萊塢男星摩根費里曼批評拜登對槍擊案的回應,2023-04-23,好萊塢男演員摩根費里曼（Morgan Freeman）在 Tiktok 影片批評美國總統拜登（Joe Biden）在田納西州發生了校園槍擊案後，卻只顧著談論「巧克力冰淇淋」。但這是一個 Deepfake 影片，費里曼沒有講過這些話。拜登在槍擊案後按照原定行程出席美國中小企業管理局舉辦的活動，為了向 Jeni's Splendid 出席代表致意，致詞時講了這段話；但之後便談到了早上發生的槍擊事件。點擊查看相關事實查核報告。,https://www.politifact.com/factchecks/2023/apr/03/tiktok-posts/video-morgan-freeman-criticizing-joe-biden-not-rea/,找出原始的影像
共和黨利用各種災難的 AI 圖像製作「如果拜登當選了，將會...」宣傳影片,2023-04-25,美國共和黨於 4 月時發表了一段宣傳影片，描繪了美國總統拜登（Joe Biden）若連任，美國會發生什麼事。內容由 AI 圖像組成：包括中國將入侵臺灣、全球經濟將崩盤等等，畫面中還出現被轟炸而冒煙的 101 大樓。點選查看事實查核報告。,https://www.washingtonexaminer.com/news/campaigns/gop-ad-using-ai-images-biden-second-term,"帶有宣傳性質, 作者有聲明是假的"
開口說話的嬰兒,2023-04-27,Facebook 上流傳一個嬰兒開口說話的影片。事實查核組織 Fact Watch 找到了原始的照片，這張照片應該是用 Deepfake 技術為靜態照片的嬰兒加上了說話的嘴巴，並製作成影片。點擊查看相關事實查核報告。,https://www.fact-watch.org/web/ai-generated-video/,找出原始的影像
佛州州長說「領導力就是愚弄選民」,2023-04-28,Twitter 上流傳著一個影片：美國佛羅里達州州長德桑蒂斯（Ron DeSantis）在演講中說「領導力就是愚弄選民」、「在我的美國，出價最高的人獲勝」，最後還說了一句「九頭蛇萬歲」（來自漫威電影，反派的代表口號）——這是一則 Deepfake 影片，影片中的德桑蒂斯講話時嘴唇不太自然。點擊查看相關事實查核報告。,https://checkyourfact.com/2023/04/28/fact-check-desantis-leadership-fooling-voters/,內容明顯錯誤
新物種「白芒果」,2023-04-30,社交媒體流傳著一張號稱是「白色芒果」的照片，看起來是一顆顆雞蛋被掛在樹上。但圖片左下角的浮水印顯示這是 Bing Image Creator（微軟的 AI 繪圖工具）製作的。點擊查看相關事實查核報告。,https://digiteye.in/images-of-eggs-hanging-from-trees-fact-check/,"Midjourney, 用套件產生"
土耳其反對黨領袖用英語演講,2023-05-01,土耳其主要的反對黨領袖基里達歐魯（Kemal Kılıçdaroğlu）在一則 Twitter 上流傳的影片中用英語演講，內容是在抨擊土耳級政府。但其實聲音是用 AI 製作的。點擊查看相關事實查核報告。,https://www.dogrulukpayi.com/dogruluk-kontrolu/kemal-kilicdaroglu-nun-ingilizce-konustugu-video-orjinal-mi,作者有聲明是假的
美國副總統在演講時胡言亂語,2023-05-02,一則美國副總統哈里斯（Kamala Harris）的演講影片中，她看起來語無倫次，說著：「今天就是今天，昨天就是昨天，明天對我們來說就是今天⋯⋯」，這是一則 Deepfake 影片，原始影片來自哈里斯 4 月出席霍華德大學舉行的墮胎權集會時發表的演講。點擊查看相關事實查核報告。,https://www.boomlive.in/fact-check/world/fake-news-viral-video-doctored-kamala-harris-tomorrow-will-be-today-united-states-factcheck-21838,找出原始的影像
土耳其反對黨領袖支持政敵,2023-05-03,土耳其主要的反對黨領袖基里達歐魯（Kemal Kılıçdaroğlu）在一則影片中支持另外一黨的總統候選人，但這是一則 Deepfake 影片，創作者在原影片中用旁白的聲音表示製作影片的目的是要提醒大家小心 Deepfake，「不要相信你看到的一切」。但後來這段自白被剪去，只剩下前段 Deepfake 的部分在網路上流傳。點擊查看相關事實查核報告。,https://teyit.org/analiz/kilicdaroglunun-erdogan-asrin-lideridir-dedigi-videonun-gercek-oldugu-iddiasi,"帶有宣傳性質, 作者有聲明是假的"
川普與未成年女性親密合影,2023-05-09,社群媒體流傳著一些美國總統川普（Donald Trump）與未成年女性合影的照片，但事實上是用 Midjourney 這類的 AI 圖片生成工具製作的。點擊查看相關事實查核報告。,https://leadstories.com/hoax-alert/2023/05/fact-check-old-photos-of-donald-trump-with-underage-young-women-are-not-authentic-ai-generated.html,"Midjourney, 用套件產生"
孟加拉前總理入獄,2023-05-10,社群媒體流傳幾張巴基斯坦主要反對黨領袖、前總理伊姆蘭汗（Imran Khan）的照片，但背景是在監獄裡，引文宣稱他被捕了，但事實上是用 Midjourney 這類的 AI 圖片平台生成的。這些照片還被媒體錯誤引用。點擊查看相關事實查核報告。,https://www.boomlive.in/fact-check/viral-pictures-former-pakistan-prime-minister-imran-khan-ai-photos-aajtak-21911,"Midjourney, 用套件產生"
法國前總統表示俄烏戰爭是由西方挑起的,2023-05-15,法國前總統歐蘭德（François Hollande）對於俄烏戰爭的評論影片在網路上流傳，他似乎認為戰爭是西方蓄意挑起的。根據事實查核組織的調查，影像是真實的，但經過剪接，他的原意被扭曲；且影像取得的過程是一場騙局——俄羅斯喜劇演員二人組用 Deepfake 技術冒充了烏克蘭前總統與歐蘭德通話。這已經不是他們第一次用 Deepfake 技術欺騙他人，英國國防部長、多位歐洲市長都曾是受騙對象。點擊查看相關事實查核報告。,https://factcheck.vlaanderen/factcheck/hollande-woorden-in-de-mond-gelegd-over-oorlog-in-oekraine,向相關人士求證
美國五角大廈爆炸,2023-05-22,一張美國五角大廈（國防部所在地）爆炸的照片於 2023 年 5 月 22 日早上 10 點在 Twitter 上流傳，造成美股下跌 10 分鐘，成為第一起 AI 生成圖片影響股市的案例。台灣事實查核中心調查發現，這張照片有明顯的錯誤，例如路燈的形狀怪異，建築與實際的五角大廈不同等等。點擊查看相關事實查核報告。,https://tfc-taiwan.org.tw/articles/9173,"Midjourney, 用套件產生"
德國綠黨黨主席想要廢除父親節,2023-05-24,Twitter 上流傳一段影片：德國綠黨黨主席里卡達朗（Ricarda Lang）批評父親節是個無用的節日，但這是一個 Deepfake 影片，原創作者的頻道有跡可循，但影片傳播的過程中來源佚失了。而被修改的原影片來自 2022 年的綠黨大會，朗是在談論俄烏戰爭，點擊查看相關事實查核報告。,https://correctiv.org/faktencheck/2023/05/25/manipuliertes-video-zeigt-ricarda-lang-die-angeblich-den-vatertag-abschaffen-will-es-ist-satire/,"作者有聲明是假的, 找出原始的影像"
美國國務卿恭喜俄軍在烏克蘭戰爭有所進展,2023-05-25,Facebook 上的影片裡美國國務卿布林肯（Antony Blinken）向俄軍道賀——這是一則 Deepfake 影片。影片中，布林肯恭喜普里格津（Yevgeny Prigozhin，俄羅斯軍閥瓦格納集團領導者）昨晚在烏克蘭取得了重大進展，「這是一場非常激烈的戰鬥」。原始影片來自布林肯恭賀美國足球隊在世界盃的勝利。點擊查看相關事實查核報告。,https://mythdetector.ge/en/prigozhin-or-the-american-football-team-who-did-antony-blinken-congratulate-on-the-victory/,找出原始的影像
委內瑞拉總統是機器人,2023-05-31,Facebook 上流傳一段影片，展示著一款逼真的人型機器人的開發過程，它的臉卻是委內瑞拉總統馬杜洛（Nicolás Maduro Moros），轉貼的人暗示馬杜洛不是真人。這個機器人真實存在，只是影片用 Deepfake 技術換成了馬杜洛的臉。點擊查看相關事實查核報告。,https://cotejo.info/2023/05/fb-alterado-video-de-un-androide-para-incorporar-el-rostro-de-nicolas-maduro/,找出原始的影像
普丁將全面撤離烏克蘭邊境的俄羅斯公民,2023-06-05,Twitter 一段影片中，俄羅斯總統普丁（Vladimir Putin）在電視裡發表緊急演說，表示即將撤離烏克蘭邊境地區的俄羅斯公民。但俄羅斯官媒隨即證實這個演講不存在。事實查核組織 Liberation 認為這應該是一則 Deepfake 影片。點擊查看相關事實查核報告。,https://www.liberation.fr/checknews/deepfake-un-faux-message-durgence-de-poutine-appelant-a-levacuation-de-regions-entieres-diffuse-a-la-television-et-radio-russe-20230605_OWD5F4WUHVGHRM2KE7INHAT76E/,向相關人士求證
湯姆克魯斯的替身們長得和他一模一樣,2023-06-09,社群網站上流傳好萊塢明星湯姆克魯斯（Tom Cruise）和他的替身們的合照，他們看起來非常相似，但這其實是是用 Midjourney 這類的 AI 圖片平台生成的，圖片裡有明顯的瑕疵。且事實查核組織 Snopes 找到了原作者，他坦承是用 Midjourney 製作。點擊查看相關事實查核報告。,https://www.snopes.com/fact-check/tom-cruise-stunt-doubles/,"Midjourney, 用套件產生, 作者有聲明是假的"
名人為減肥軟糖代言,2023-06-20,在社群軟體上有多位名人為一款減肥軟糖代言，如美國鄉村音樂歌手康柏斯（Luke Combs）、威爾森（Lainey Wilson），影片中的聲音是由 AI 生成的。點擊查看相關事實查核報告。,https://www.snopes.com/fact-check/combs-wilson-weight-loss-gummies/,向相關人士求證
Deepfake 語音詐騙私人公司,2019-03,《華盛頓郵報》揭露了一間英國能源公司因 Deepfake 語音詐騙損失了 25 萬歐元。這間公司的保險公司宣稱犯人使用 AI 模仿公司德籍執行長的聲音致電該公司的資深員工，要求他立刻將 25 五萬歐元匯入據稱是能源供應商的帳戶。而 4 個月內，就有 3 間公司因為同樣的手法遭到詐騙。點擊查看相關報導。,https://www.wsj.com/articles/fraudsters-use-ai-to-mimic-ceos-voice-in-unusual-cybercrime-case-11567157402,"用套件產生, 向相關人士求證"